{
  "上海": [
    121.4648,
    31.2891
  ],
  "东莞": [
    113.8953,
    22.901
  ],
  "东营": [
    118.7073,
    37.5513
  ],
  "中山": [
    113.4229,
    22.478
  ],
  "乌鲁木齐": [
    87.9236,
    43.5883
  ],
  "佛山": [
    112.8955,
    23.1097
  ],
  "保定": [
    115.0488,
    39.0948
  ],
  "兰州": [
    103.5901,
    36.3043
  ],
  "哈尔滨": [
    127.9688,
    45.368
  ],
  "天津": [
    117.4219,
    39.4189
  ],
  "广州": [
    113.5107,
    23.2196
  ],
  "廊坊": [
    116.521,
    39.0509
  ],
  "延安": [
    109.1052,
    36.4252
  ],
  "惠州": [
    114.6204,
    23.1647
  ],
  "成都": [
    103.9526,
    30.7617
  ],
  "承德": [
    117.5757,
    41.4075
  ],
  "拉萨": [
    91.1865,
    30.1465
  ],
  "昆明": [
    102.9199,
    25.4663
  ],
  "杭州": [
    119.5313,
    29.8773
  ],
  "枣庄": [
    117.323,
    34.8926
  ],
  "柳州": [
    109.3799,
    24.9774
  ],
  "株洲": [
    113.5327,
    27.0319
  ],
  "汕头": [
    117.1692,
    23.3405
  ],
  "江门": [
    112.6318,
    22.1484
  ],
  "沈阳": [
    123.1238,
    42.1216
  ],
  "沧州": [
    116.8286,
    38.2104
  ],
  "泰安": [
    117.0264,
    36.0516
  ],
  "泰州": [
    120.0586,
    32.5525
  ],
  "济南": [
    117.1582,
    36.8701
  ],
  "济宁": [
    116.8286,
    35.3375
  ],
  "海口": [
    110.3893,
    19.8516
  ],
  "淮安": [
    118.927,
    33.4039
  ],
  "深圳": [
    114.5435,
    22.5439
  ],
  "珠海": [
    113.7305,
    22.1155
  ],
  "营口": [
    122.4316,
    40.4297
  ],
  "葫芦岛": [
    120.1575,
    40.578
  ],
  "衡水": [
    115.8838,
    37.7161
  ],
  "Amsterdam": [
    4.895168,
    52.370216
  ],
  "Athens": [-83.357567,
    33.951935
  ],
  "Auckland": [
    174.763332, -36.84846
  ],
  "Bangkok": [
    100.501765,
    13.756331
  ],
  "Barcelona": [
    2.173403,
    41.385064
  ],
  "Beijing": [
    116.407395,
    39.904211
  ],
  "Berlin": [
    13.404954,
    52.520007
  ],

  "Bratislava": [
    17.107748,
    48.148596
  ],
  "Brussels": [
    4.35171,
    50.85034
  ],
  "Budapest": [
    19.040235,
    47.497912
  ],
  "Buenos Aires": [-58.381559, -34.603684],
  "Bucharest": [
    26.102538,
    44.426767
  ],
  "Caracas": [-66.903606,
    10.480594
  ],
  "Chicago": [-87.629798,
    41.878114
  ],
  "Delhi": [
    77.209021,
    28.613939
  ],
  "Doha": [
    51.53104,
    25.285447
  ],
  "Dubai": [
    55.270783,
    25.204849
  ],
  "Dublin": [-6.26031,
    53.349805
  ],
  "Frankfurt": [
    8.682127,
    50.110922
  ],
  "Geneva": [
    6.143158,
    46.204391
  ],
  "Helsinki": [
    24.938379,
    60.169856
  ],
  "Hong Kong": [
    114.109497,
    22.396428
  ],
  "Istanbul": [
    28.978359,
    41.008238
  ],
  "Jakarta": [
    106.845599, -6.208763
  ],
  "Johannesburg": [
    28.047305, -26.204103
  ],
  "Cairo": [
    31.235712,
    30.04442
  ],
  "Lima": [-77.042793, -12.046374],
  "Lisbon": [-9.139337,
    38.722252
  ],
  "Ljubljana": [
    14.505751,
    46.056947
  ],
  "London": [-0.127758,
    51.507351
  ],
  "Los Angeles": [-118.243685,
    34.052234
  ],
  "贵阳": [
    106.6992,
    26.7682
  ],
  "连云港": [
    119.1248,
    34.552
  ],
  "邢台": [
    114.8071,
    37.2821
  ],
  "邯郸": [
    114.4775,
    36.535
  ],
  "郑州": [
    113.4668,
    34.6234
  ],
  "鄂尔多斯": [
    108.9734,
    39.2487
  ],
  "重庆": [
    107.7539,
    30.1904
  ],
  "金华": [
    120.0037,
    29.1028
  ],
  "长春": [
    125.8154,
    44.2584
  ],
  "韶关": [
    113.7964,
    24.7028
  ],
  "武汉": [
    114.30539299999998,
    30.593099
  ],
  "北京": [
    116.40739499999995,
    39.904211
  ],
  "阿克苏": [
    80.26338699999997,
    41.167548
  ],
  "Luxembourg": [
    6.129583,
    49.815273
  ],

  "Madrid": [-3.70379,
    40.416775
  ],
  "Milan": [
    9.185924,
    45.465422
  ],

  "Manila": [
    120.984219,
    14.599512
  ],
  "Mexico City": [-99.133208,
    19.432608
  ],
  "Miami": [-80.19179,
    25.76168
  ],

  "Moscow": [
    37.6173,
    55.755826
  ],
  "Mumbai": [
    72.877656,
    19.075984
  ],
  "Munich": [
    11.581981,
    48.135125
  ],
  "Nairobi": [
    36.821946, -1.292066
  ],
  "New York": [-74.005941,
    40.712784
  ],
  "Prague": [
    14.4378,
    50.075538
  ],
  "Riga": [
    24.105186,
    56.949649
  ],

  "Rome": [
    12.496366,
    41.902783
  ],
  "SaoPaulo": [-46.633309, -23.55052],
  "Seoul": [
    126.977969,
    37.566535
  ],
  "Shanghai": [
    121.473701,
    31.230416
  ],
  "Singapore": [
    103.819836,
    1.352083
  ],
  "Sofia": [
    23.321868,
    42.697708
  ],
  "Stockholm": [
    18.068581,
    59.329323
  ],
  "Sydney": [
    151.209296, -33.86882
  ],
  "Taipei": [
    121.565418,
    25.032969
  ],
  "Tallinn": [
    24.753575,
    59.436961
  ],
  "TelAviv": [
    34.781768,
    32.0853
  ],
  "Tokyo": [
    139.691706,
    35.689487
  ],
  "Toronto": [-79.383184,
    43.653226
  ],
  "Vilnius": [
    25.279651,
    54.687156
  ],
  "Warsaw": [
    21.012229,
    52.229676
  ],
  "Vienna": [
    16.373819,
    48.208174
  ],
  "Zurich": [
    8.541694,
    47.376887
  ],
  "云浮": [
    112.02,
    22.93
  ],
  "梅州": [
    116.1,
    24.55
  ],
  "茂名": [
    110.88,
    21.68
  ]
}
